dumpster,month,year,date,weight_tons,volume_y3,plastic_bottles,polystyrene,cigarettes,plastic_bags,wheel
1,May ,2014,41775,4.31,18,1450,1820,126000,584,Mr. Trash
2,May ,2014,41775,2.74,13,1120,1030,91000,496,Mr. Trash
3,May,2014,41775,3.45,15,2450,3100,105000,1080,Mr. Trash
4,May,2014,41776,3.1,15,2380,2730,100000,896,Mr. Trash
5,May,2014,41776,4.06,18,980,870,120000,368,Mr. Trash
6,May,2014,41779,2.71,13,1430,2140,90000,672,Mr. Trash
7,May,2014,41780,1.91,8,910,1090,56000,416,Mr. Trash
8,May,2014,41787,3.7,16,3580,4310,112000,1552,Mr. Trash
9,June,2014,41795,2.52,14,2400,2790,98000,984,Mr. Trash
10,June,2014,41801,3.76,18,1340,1730,130000,448,Mr. Trash
11,June,2014,41801,3.43,15,740,869,110000,344,Mr. Trash
12,June,2014,41802,4.17,19,950,1140,133000,520,Mr. Trash
13,June,2014,41803,5.13,15,530,630,104000,224,Mr. Trash
14,June,2014,41803,4.17,15,840,760,100000,344,Mr. Trash
15,June,2014,41809,3.28,15,1130,1350,102000,432,Mr. Trash
16,June,2014,41809,3.05,15,1640,2130,106000,752,Mr. Trash
17,June,2014,41818,2.49,13,1350,1620,89000,696,Mr. Trash
18,July,2014,41823,2.54,15,1640,1960,108000,744,Mr. Trash
19,July,2014,41827,2.41,15,1730,2100,107000,896,Mr. Trash
20,July,2014,41831,3.83,18,5960,6540,132000,2560,Mr. Trash
21,July,2014,41834,2.73,15,2170,2620,112000,1144,Mr. Trash
22,July,2014,41835,4.4,16,1930,2210,115000,688,Mr. Trash
23,July,2014,41835,2.79,14,3200,3840,98000,1464,Mr. Trash
24,July,2014,41845,2.5,13,2500,3040,85000,1248,Mr. Trash
25,August,2014,41855,4.39,16,2140,2050,118000,904,Mr. Trash
26,August,2014,41855,5.33,17,1630,1950,123000,512,Mr. Trash
27,August,2014,41864,3.58,20,3640,4360,141000,1560,Mr. Trash
28,August,2014,41864,3.1,17,1430,1870,121000,552,Mr. Trash
29,August,2014,41870,1.77,10,570,780,32000,310,Mr. Trash
30,September,2014,41885,3.76,18,4800,3640,310000,1880,Mr. Trash
31,September,2014,41906,1.24,8,550,860,18000,420,Mr. Trash
32,September,2014,41908,3.14,15,2240,2880,112000,1200,Mr. Trash
33,October,2014,41915,2.71,16,4220,4840,84000,1400,Mr. Trash
34,October,2014,41921,2.11,14,1400,1650,80000,1450,Mr. Trash
35,October,2014,41932,4.09,18,2820,3010,78000,990,Mr. Trash
36,October,2014,41932,2.31,14,1900,2240,81000,840,Mr. Trash
37,October,2014,41936,3.5,15,3650,3880,94000,1210,Mr. Trash
38,November,2014,41949,2.7,15,760,1680,22000,960,Mr. Trash
39,November,2014,41960,3.25,18,1250,2730,46000,1130,Mr. Trash
40,November,2014,41963,3.84,15,880,1840,35000,730,Mr. Trash
41,November,2014,41971,2.88,15,1800,3970,52000,560,Mr. Trash
42,December,2014,41974,1.81,17,1370,3140,38000,950,Mr. Trash
43,December,2014,41990,3.48,15,550,1450,22000,740,Mr. Trash
44,December,2014,42003,3.18,15,640,1670,26000,880,Mr. Trash
45,January,2015,42016,2.87,17,1160,2250,31000,1120,Mr. Trash
46,January,2015,42027,2,14,1570,2400,33000,380,Mr. Trash
47,January,2015,42030,2.14,13,1340,2650,28000,430,Mr. Trash
48,February,2015,42039,2.54,15,1740,2250,22000,320,Mr. Trash
49,March,2015,42072,3.82,18,2870,3240,25000,540,Mr. Trash
50,March,2015,42076,1.83,15,3120,5430,32000,650,Mr. Trash
51,March,2015,42090,2.02,15,2780,4980,26000,470,Mr. Trash
52,April,2015,42102,2.5,18,2240,2360,27000,270,Mr. Trash
53,April,2015,42104,3.41,15,2550,3420,32000,320,Mr. Trash
54,April,2015,42113,1.83,11,1470,1840,18000,240,Mr. Trash
55,April,2015,42114,3.84,18,1240,1630,23000,430,Mr. Trash
56,April,2015,42114,3.22,15,1150,1420,19000,370,Mr. Trash
57,April,2015,42114,3.03,15,2850,3160,18000,350,Mr. Trash
58,April,2015,42114,2.64,18,960,1280,22000,450,Mr. Trash
59,April,2015,42114,3.54,15,870,1140,18000,330,Mr. Trash
60,May ,2015,42139,1.95,9,1340,2150,22000,190,Mr. Trash
61,May ,2015,42141,4.25,18,2630,3480,38000,1240,Mr. Trash
62,May,2015,42141,5.62,15,1850,3270,54000,970,Mr. Trash
63,May,2015,42142,3.81,15,2830,3780,48000,650,Mr. Trash
64,May,2015,42143,3.45,18,1740,2630,32000,820,Mr. Trash
65,May,2015,42143,3.34,15,2780,3250,37000,1140,Mr. Trash
66,June,2015,42156,2.54,15,1260,1830,56000,1230,Mr. Trash
67,June,2015,42164,4.66,18,2340,3460,48000,1620,Mr. Trash
68,June,2015,42164,3.39,15,3240,4360,33000,1430,Mr. Trash
69,June,2015,42164,3.17,15,940,1220,35000,840,Mr. Trash
70,June,2015,42164,3.15,18,830,1150,37000,920,Mr. Trash
71,June,2015,42164,3.83,15,960,1190,33000,730,Mr. Trash
72,June,2015,42165,4.78,15,870,1040,32000,820,Mr. Trash
73,June,2015,42165,3.85,18,920,1290,34000,930,Mr. Trash
74,June,2015,42165,4.48,15,1130,1370,38000,1270,Mr. Trash
75,June,2015,42165,4.18,15,1060,1250,37000,1340,Mr. Trash
76,June,2015,42165,3.38,18,740,930,34000,1130,Mr. Trash
77,June,2015,42165,3.83,15,950,1220,35000,1370,Mr. Trash
78,June,2015,42167,3.95,15,2340,3250,65000,2730,Mr. Trash
79,June,2015,42170,2.44,18,2660,3420,72000,2430,Mr. Trash
80,June,2015,42173,2.85,15,2430,3120,68000,2370,Mr. Trash
81,June,2015,42179,3.43,15,2690,3370,82000,1910,Mr. Trash
82,June,2015,42179,4.28,18,1540,1780,45000,1830,Mr. Trash
83,June,2015,42179,3.94,15,1240,1450,37000,1650,Mr. Trash
84,June,2015,42183,3.38,15,2870,3560,68000,2140,Mr. Trash
85,June,2015,42183,3.45,18,2450,3240,74000,2320,Mr. Trash
86,June,2015,42184,3.93,15,1830,2240,36000,1630,Mr. Trash
87,July,2015,42192,4.07,15,2360,3120,82000,1840,Mr. Trash
88,July,2015,42193,3.03,18,2640,3520,68000,1460,Mr. Trash
89,July,2015,42199,3.52,15,2840,3360,65000,1690,Mr. Trash
90,July,2015,42199,3.51,15,2640,3120,76000,2130,Mr. Trash
91,July,2015,42212,3.68,18,3070,4250,82000,1770,Mr. Trash
92,July,2015,42214,3.4,15,2820,3740,75000,2400,Mr. Trash
93,August,2015,42220,3.72,15,2640,3250,68000,1860,Mr. Trash
94,August,2015,42234,1.84,9,870,980,34000,750,Mr. Trash
95,August,2015,42237,3,15,3220,3460,67000,2170,Mr. Trash
96,August,2015,42241,4.33,18,1980,2190,48000,1600,Mr. Trash
97,August,2015,42241,4.3,15,410,540,3000,250,Mr. Trash
98,August,2015,42242,3.39,15,640,780,32000,350,Mr. Trash
99,September,2015,42258,4.08,18,2730,3140,54000,2430,Mr. Trash
100,September,2015,42258,3.62,15,1360,1570,26000,1420,Mr. Trash
101,September,2015,42269,2.4,7,760,1030,24000,780,Mr. Trash
102,September,2015,42277,4.24,18,1240,1460,46000,860,Mr. Trash
103,September,2015,42277,3.31,15,800,920,32000,270,Mr. Trash
104,October,2015,42289,2.9,15,2540,2780,42000,2230,Mr. Trash
105,October,2015,42304,2.46,18,2130,2560,34000,1970,Mr. Trash
106,October,2015,42308,2.89,15,2670,2820,36000,2450,Mr. Trash
107,November,2015,42328,4.46,15,1940,2230,28000,2960,Mr. Trash
108,December,2015,42340,3.42,18,2140,2570,19000,3100,Mr. Trash
109,December,2015,42340,3.56,15,1960,2340,21000,3300,Mr. Trash
110,December,2015,42361,1.92,12,1640,2150,32000,2430,Mr. Trash
111,December,2015,42362,2.9,18,1850,2670,33000,2770,Mr. Trash
112,December,2015,42364,3.24,15,2370,3240,24000,1830,Mr. Trash
113,December,2015,42364,4.41,15,2530,3300,41000,2190,Mr. Trash
114,December,2015,42364,3.39,18,2720,3690,23000,2520,Mr. Trash
115,December,2015,42364,3.27,15,2250,3180,37000,2740,Mr. Trash
116,January,2016,42379,3.6,15,3240,4160,28000,1360,Mr. Trash
117,February,2016,42402,4.06,18,3530,4620,24000,1850,Mr. Trash
118,February,2016,42403,2.11,15,2340,3870,31000,2130,Mr. Trash
119,February,2016,42405,3.01,15,2460,3640,27000,1920,Mr. Trash
120,February,2016,42417,3.41,18,1340,1680,24000,1530,Mr. Trash
121,February,2016,42419,3.66,15,950,1120,21000,1370,Mr. Trash
122,February,2016,42425,4.51,15,2240,3150,36000,2450,Mr. Trash
123,March ,2016,42430,2.89,18,3050,3270,29000,1740,Mr. Trash
124,March,2016,42440,2.89,15,1630,1820,18000,2150,Mr. Trash
125,March,2016,42441,2.51,15,1120,1460,17000,2270,Mr. Trash
126,March,2016,42444,3.58,18,3340,3640,45000,3450,Mr. Trash
127,March,2016,42458,3.41,15,3560,3740,43000,3320,Mr. Trash
128,April,2016,42468,2.79,15,2460,3150,38000,3540,Mr. Trash
129,April,2016,42490,4.21,18,3860,4240,47000,3200,Mr. Trash
130,April,2016,42490,4.88,15,3230,3640,52000,3750,Mr. Trash
131,April,2016,42490,4.47,15,3760,4150,45000,2840,Mr. Trash
132,April,2016,42490,3.29,18,3640,3520,52000,2530,Mr. Trash
133,May ,2016,42497,4.16,15,4230,4620,53000,2727,Mr. Trash
134,May,2016,42502,2.93,15,3590,3840,47000,1760,Mr. Trash
135,May ,2016,42521,2.37,18,3740,4120,56000,1680,Mr. Trash
136,June,2016,42536,2.57,15,4200,4630,38000,1480,Mr. Trash
137,June,2016,42537,2.39,15,3840,3990,41000,1540,Mr. Trash
138,June,2016,42542,3.98,15,4350,4120,45000,1630,Mr. Trash
139,June,2016,42543,3.47,15,3960,3720,52000,1870,Mr. Trash
140,June,2016,42545,3.97,18,4150,3970,48000,1530,Mr. Trash
141,June,2016,42551,3.12,18,4450,4310,58000,2130,Mr. Trash
142,July,2016,42552,3.17,15,3460,3820,43000,2240,Mr. Trash
143,July,2016,42564,2.12,15,2850,3120,52000,1930,Mr. Trash
144,July,2016,42574,2.31,18,3560,3780,65000,2460,Mr. Trash
145,July,2016,42579,3.16,15,4130,4360,52000,2610,Mr. Trash
146,July,2016,42580,4.02,15,4350,4600,55000,2430,Mr. Trash
147,July,2016,42580,3.26,18,4420,4850,65000,2340,Mr. Trash
148,July,2016,42582,3.82,15,2130,2240,35000,1830,Mr. Trash
149,July,2016,42582,4.88,15,2450,2500,32000,1950,Mr. Trash
150,August,2016,42586,5.05,18,2300,2260,16000,1360,Mr. Trash
151,August,2016,42598,2.79,15,2850,3120,34000,2100,Mr. Trash
152,August,2016,42599,3.47,15,2640,2900,38000,2340,Mr. Trash
153,August,2016,42601,4.01,18,3250,3570,42000,2700,Mr. Trash
154,August,2016,42606,3.18,15,2530,2740,52000,2810,Mr. Trash
155,September,2016,42615,3.13,15,2780,2640,38000,2130,Mr. Trash
156,September,2016,42620,2.43,18,2740,3360,24000,2210,Mr. Trash
157,September,2016,42632,3.08,15,2530,3460,21000,2300,Mr. Trash
158,October,2016,42652,2.9,15,1876,3990,27600,1240,Mr. Trash
159,October,2016,42670,3,18,2340,3150,19000,2470,Mr. Trash
160,November,2016,42691,2.01,15,2244,4358,27000,3400,Mr. Trash
161,November,2016,42703,1.98,15,2980,4460,36000,1880,Mr. Trash
162,November,2016,42704,2.75,18,3460,5840,16000,3260,Mr. Trash
163,December,2016,42705,3.41,15,1840,4760,23000,3470,Mr. Trash
164,December,2016,42710,2.55,15,1360,3850,34000,2340,Mr. Trash
165,December,2016,42720,1.74,18,1880,2890,26000,2100,Mr. Trash
166,December,2016,42737,2.13,15,2460,2740,32000,3250,Mr. Trash
167,January,2017,42754,2.43,15,2260,2780,28000,2870,Mr. Trash
168,February,2017,42792,2.32,18,2890,2460,30000,2610,Mr. Trash
169,February,2017,42792,3.72,15,2140,1870,15000,2040,Mr. Trash
170,March ,2017,42824,2.14,15,2570,2930,23000,2650,Mr. Trash
171,March ,2017,42825,2.74,18,2030,2340,14000,1960,Mr. Trash
172,March ,2017,42825,2.63,15,1940,2170,12000,1820,Mr. Trash
173,March ,2017,42825,2.09,15,1870,2040,11000,1950,Mr. Trash
174,April,2017,42826,2.67,18,1920,2130,13000,2230,Mr. Trash
175,April,2017,42826,2.67,18,1920,2130,13000,2230,Mr. Trash
176,April,2017,42831,3.55,15,2230,2540,2000,1480,Mr. Trash
177,April,2017,42831,3.89,18,980,1120,3000,1500,Mr. Trash
178,April,2017,42831,3.59,15,650,720,2000,1140,Mr. Trash
179,April,2017,42831,3.13,15,430,560,4000,870,Mr. Trash
180,April,2017,42831,3.33,18,390,460,2000,720,Mr. Trash
181,April,2017,42832,3.11,15,490,510,3000,1020,Mr. Trash
182,April,2017,42832,3.04,15,210,340,2000,890,Mr. Trash
183,April,2017,42832,3.21,18,560,670,2000,920,Mr. Trash
184,April,2017,42832,4.08,15,470,560,3000,780,Mr. Trash
185,April,2017,42832,3.26,15,390,450,2000,830,Mr. Trash
186,April,2017,42833,3.36,18,460,620,1000,790,Mr. Trash
187,April,2017,42833,3.62,15,530,670,2000,1120,Mr. Trash
188,April,2017,42833,4.27,15,460,530,1000,820,Mr. Trash
189,April,2017,42833,4.01,18,340,510,2000,730,Mr. Trash
190,April,2017,42833,3.88,15,360,490,1000,820,Mr. Trash
191,April,2017,42846,4.67,15,2540,2330,12000,2450,Mr. Trash
192,May ,2017,42860,3.53,18,2870,3140,16000,3460,Mr. Trash
193,May ,2017,42860,4.07,15,2230,2820,14000,3250,Mr. Trash
194,May ,2017,42861,3.93,15,2340,2530,15000,2890,Mr. Trash
195,May ,2017,42866,2.59,18,2560,2430,18000,3120,Mr. Trash
196,May ,2017,42866,3.81,15,2340,2250,19000,2830,Mr. Trash
197,May ,2017,42877,3.3,15,2480,2320,14000,2990,Mr. Trash
198,May ,2017,42877,3.84,18,2540,2410,15000,1980,Mr. Trash
199,May ,2017,42881,4.1,15,2980,2830,17000,2590,Mr. Trash
200,June,2017,42907,4.1,18,3250,2980,21000,3460,Mr. Trash
201,June,2017,42907,2.52,15,3340,3120,26000,2640,Mr. Trash
202,June,2017,42913,1.95,15,2850,2560,17000,2430,Mr. Trash
203,July,2017,42919,3.58,18,3220,3140,23000,2870,Mr. Trash
204,July,2017,42919,1.5,15,2110,1920,14000,1780,Mr. Trash
205,July,2017,42928,3.63,15,3670,3240,32000,3020,Mr. Trash
206,July,2017,42943,2.21,18,2890,2710,11000,2890,Mr. Trash
207,July,2017,42944,4.04,15,1460,1250,9000,1120,Mr. Trash
208,August,2017,42949,3.87,15,3240,3120,18000,2780,Mr. Trash
209,August,2017,42951,3.68,18,3530,3240,26000,3250,Mr. Trash
210,August,2017,42954,2.17,15,2760,2500,19000,2230,Mr. Trash
211,August,2017,42958,2.1,15,2980,2740,22000,2640,Mr. Trash
212,August,2017,42965,3.7,18,2430,2010,27000,2910,Mr. Trash
213,August,2017,42966,3.39,15,1500,1390,12000,600,Mr. Trash
214,August,2017,42966,3.14,15,1270,1140,9000,780,Mr. Trash
215,August,2017,42966,3.54,18,1340,1180,13000,630,Mr. Trash
216,September,2017,42990,3.07,18,2780,2540,11000,1460,Mr. Trash
217,September,2017,43003,2.15,15,2910,2890,14000,1870,Mr. Trash
218,October,2017,43019,2.76,15,2760,2450,11000,1640,Mr. Trash
219,October,2017,43033,2.76,18,2950,2780,10000,1780,Mr. Trash
220,November,2017,43053,2.38,15,2550,2870,12000,1640,Mr. Trash
221,November,2017,43054,2.02,15,2720,2980,11000,1870,Mr. Trash
222,January,2018,43115,2.17,15,2540,3160,15000,2220,Mr. Trash
223,January,2018,43125,2.08,15,2370,2790,21000,1540,Mr. Trash
224,February,2018,43136,3.12,18,2250,3120,18000,1630,Mr. Trash
225,February,2018,43136,2.45,15,1260,1670,22000,870,Mr. Trash
226,February,2018,43136,3.72,15,950,1470,16000,920,Mr. Trash
227,February,2018,43137,4,18,1020,1590,14000,1110,Mr. Trash
228,February,2018,43142,3.54,15,2250,2560,24000,1430,Mr. Trash
229,February,2018,43142,3.19,15,1130,1470,12000,650,Mr. Trash
230,February,2018,43142,4.51,18,1240,1510,11000,710,Mr. Trash
231,February,2018,43144,2.97,15,1950,2130,16000,1050,Mr. Trash
232,February,2018,43144,3.78,15,1460,1620,12000,630,Mr. Trash
233,March,2018,43165,2.66,15,2210,2650,18000,1420,Mr. Trash
234,March,2018,43165,2.64,15,2470,2810,19000,1540,Mr. Trash
235,April,2018,43206,4.3,15,2150,2300,23000,1320,Mr. Trash
236,April,2018,43206,2.91,15,970,1100,8000,300,Mr. Trash
237,April,2018,43206,3.62,15,840,920,7000,290,Mr. Trash
238,April,2018,43206,2.4,12,790,910,8000,260,Mr. Trash
239,April,2018,43207,3.19,15,750,830,6000,190,Mr. Trash
240,April,2018,43207,3.03,15,810,890,5000,200,Mr. Trash
241,April,2018,43207,3.26,15,790,1020,6000,150,Mr. Trash
242,April,2018,43207,3.04,15,670,840,7000,230,Mr. Trash
243,April,2018,43208,3.09,15,710,910,7000,310,Mr. Trash
244,April,2018,43208,2.72,15,730,840,6000,280,Mr. Trash
245,April,2018,43208,3.65,15,820,980,7000,170,Mr. Trash
246,April,2018,43208,3.38,15,760,870,6000,240,Mr. Trash
247,April,2018,43208,3.44,15,670,780,6000,310,Mr. Trash
248,April,2018,43208,2.57,15,730,850,6000,110,Mr. Trash
249,April,2018,43210,3.36,15,750,870,7000,230,Mr. Trash
250,April,2018,43210,2.72,15,820,910,8000,190,Mr. Trash
251,April,2018,43216,3.81,15,1580,1870,12000,980,Mr. Trash
252,May,2018,43232,3.36,15,2130,2340,11000,1140,Mr. Trash
253,May,2018,43234,4.29,15,2350,2130,14000,600,Mr. Trash
254,May,2018,43234,4.29,15,2460,2370,17000,740,Mr. Trash
255,May,2018,43236,4,15,1220,1360,8000,350,Mr. Trash
256,May,2018,43236,3.25,15,950,890,7000,250,Mr. Trash
257,May,2018,43236,1.6,15,400,320,4000,210,Mr. Trash
258,May,2018,43237,3.62,15,1050,1170,6000,470,Mr. Trash
259,May,2018,43248,3.19,15,1480,1560,8000,1360,Mr. Trash
260,May,2018,43248,2.86,15,1300,1230,7000,1130,Mr. Trash
261,May,2018,43248,4.1,15,1650,1490,9000,820,Mr. Trash
262,May,2018,43251,3.38,15,2130,2240,11000,650,Mr. Trash
263,June,2018,43254,3.35,15,2340,2580,12000,1130,Mr. Trash
264,June,2018,43254,3.17,15,1890,2130,14000,870,Mr. Trash
265,June,2018,43256,4.19,15,1420,1650,8000,590,Mr. Trash
266,June,2018,43256,2.6,15,1280,1330,9000,630,Mr. Trash
267,June,2018,43256,4.15,15,1140,1290,7000,570,Mr. Trash
268,June,2018,43263,4.23,15,870,950,11000,890,Mr. Trash
269,June,2018,43263,4.15,15,940,1130,10000,760,Mr. Trash
270,June,2018,43263,4.44,15,620,730,5000,810,Mr. Trash
271,June,2018,43279,3.12,15,1560,1780,13000,1240,Mr. Trash
272,June,2018,43280,0.96,15,1720,1980,12000,1110,Mr. Trash
273,July,2018,43299,2.99,15,1890,1630,13000,850,Mr. Trash
274,July,2018,43303,3.49,15,1760,1830,10000,790,Mr. Trash
275,July,2018,43305,4.39,15,890,1020,8000,340,Mr. Trash
276,July,2018,43305,3.57,15,710,850,6000,410,Mr. Trash
277,July,2018,43305,3.79,15,620,540,4000,370,Mr. Trash
278,July,2018,43305,4.24,15,780,670,5000,50,Mr. Trash
279,July,2018,43306,3.49,15,540,430,8000,410,Mr. Trash
280,July,2018,43306,4.16,15,670,720,7000,360,Mr. Trash
281,July,2018,43307,3.17,15,820,540,6000,430,Mr. Trash
282,July,2018,43309,3.31,15,540,650,10000,500,Mr. Trash
283,July,2018,43309,3.32,15,730,670,7000,290,Mr. Trash
284,July,2018,43309,3.98,15,910,790,5000,370,Mr. Trash
285,July,2018,43309,3.84,15,710,630,8000,300,Mr. Trash
286,August,2018,43321,3.31,15,1750,990,11000,910,Mr. Trash
287,August,2018,43326,4.62,18,1320,1010,4900,1260,Mr. Trash
288,August,2018,43326,3.74,15,2740,1130,6700,2100,Mr. Trash
289,August,2018,43326,3.27,15,1120,790,4000,1050,Mr. Trash
290,August,2018,43326,3.04,18,2100,980,3000,940,Mr. Trash
291,September,2018,43344,2.43,15,3110,1420,6500,990,Mr. Trash
292,September,2018,43344,3.35,15,1200,880,5000,1210,Mr. Trash
293,September,2018,43352,3.5,15,1390,870,7200,560,Mr. Trash
294,September,2018,43352,4.25,18,940,600,2500,470,Mr. Trash
295,September,2018,43353,3.77,15,1220,940,5000,850,Mr. Trash
296,September,2018,43359,2.26,15,1960,1070,7000,1000,Mr. Trash
297,September,2018,43368,3.09,18,2150,950,8000,490,Mr. Trash
298,September,2018,43368,2.95,15,2380,1250,7500,1500,Mr. Trash
299,October,2018,43377,3.28,15,1440,800,4000,1700,Mr. Trash
300,October,2018,43377,3.1,18,1080,610,6000,820,Mr. Trash
301,October,2018,43392,3.04,15,1840,710,8000,1050,Mr. Trash
302,November,2018,43408,3.11,15,2100,1420,5500,880,Mr. Trash
303,November,2018,43408,2.26,15,1500,1040,4000,1210,Mr. Trash
304,November,2018,43408,3.46,15,660,560,3000,700,Mr. Trash
305,November,2018,43408,4.54,18,590,540,2000,390,Mr. Trash
306,November,2018,43423,3.19,15,1200,1140,6500,1100,Mr. Trash
307,November,2018,43429,3.17,15,2610,1600,6000,940,Mr. Trash
308,November,2018,43429,2.78,18,1820,1880,5000,800,Mr. Trash
309,November,2018,43429,2.77,15,1080,1640,6000,640,Mr. Trash
310,November,2018,43434,3.26,15,790,1000,5500,1080,Mr. Trash
311,December,2018,43451,3.53,18,1240,990,4000,840,Mr. Trash
312,December,2018,43454,3.38,15,780,940,3000,550,Mr. Trash
313,December,2018,43454,2.96,15,480,500,1500,400,Mr. Trash
314,December,2018,43454,3.62,15,300,440,2000,250,Mr. Trash
315,January,2019,43488,2.5,15,990,1640,4500,990,Mr. Trash
316,January,2019,43488,3.07,15,1110,1940,6000,1010,Mr. Trash
317,February,2019,43508,2.33,15,580,890,3400,750,Mr. Trash
318,February,2019,43508,3.24,15,2200,2750,4600,1400,Mr. Trash
319,March,2019,43529,2.52,15,1900,3300,6600,790,Mr. Trash
320,March,2019,43529,2.27,14,2800,2700,8400,800,Mr. Trash
321,March,2019,43546,3.06,15,840,1050,3500,450,Mr. Trash
322,March,2019,43546,3.33,15,680,880,2400,240,Mr. Trash
323,March,2019,43546,3.03,15,300,500,2000,425,Mr. Trash
324,March,2019,43547,2.6,15,240,450,1200,350,Mr. Trash
325,April,2019,43568,2.26,15,1015,990,5600,510,Mr. Trash
326,April,2019,43573,3.52,15,2150,2200,6450,780,Mr. Trash
327,April,2019,43573,3.84,15,580,480,3100,250,Mr. Trash
328,April,2019,43579,3.57,15,1400,1760,5500,1040,Mr. Trash
329,April,2019,43585,5.1,15,800,450,2400,240,Mr. Trash
330,April,2019,43585,3.53,15,1110,1460,7200,500,Mr. Trash
331,May,2019,43596,3.04,15,1980,2100,4400,660,Mr. Trash
332,May,2019,43596,3.07,15,1040,1240,3200,780,Mr. Trash
333,May,2019,43598,3.23,15,940,1400,5990,1000,Mr. Trash
334,May,2019,43598,3.73,15,600,450,1200,240,Mr. Trash
335,May,2019,43598,3.38,15,460,840,980,180,Mr. Trash
336,May,2019,43598,2.92,15,980,1200,2400,640,Mr. Trash
337,May,2019,43600,2.83,15,1880,2440,4200,990,Mr. Trash
338,May,2019,43600,2.76,15,900,1300,3800,480,Mr. Trash
339,May,2019,43613,2.51,15,1740,2000,6400,600,Mr. Trash
340,May,2019,43613,2.72,15,1140,1080,5400,900,Mr. Trash
341,May,2019,43616,3.19,15,2040,1250,6600,860,Mr. Trash
342,June,2019,43628,3.23,15,2800,2200,7800,1050,Mr. Trash
343,June,2019,43628,3.08,15,1800,2240,6300,600,Mr. Trash
344,June,2019,43633,3.02,15,3300,2400,8000,500,Mr. Trash
345,July,2019,43649,2.08,15,1880,1640,7200,800,Mr. Trash
346,July,2019,43649,2.03,15,2000,1100,5000,400,Mr. Trash
347,July,2019,43652,2.48,15,2680,980,4400,560,Mr. Trash
348,July,2019,43652,3.34,15,950,650,3400,280,Mr. Trash
349,July,2019,43652,2.69,15,3700,1500,5800,600,Mr. Trash
350,July,2019,43652,2.57,15,1900,840,8800,880,Mr. Trash
351,July,2019,43655,3.45,15,3600,980,8400,680,Mr. Trash
352,July,2019,43655,2.25,15,2400,1100,9400,380,Mr. Trash
353,July,2019,43659,2.48,15,4400,1800,7200,660,Mr. Trash
354,July,2019,43659,3.13,15,980,210,1000,360,Mr. Trash
355,July,2019,43659,2.65,15,1980,800,4400,440,Mr. Trash
356,July,2019,43665,3.96,15,3600,1400,6800,280,Mr. Trash
357,August,2019,43679,2.61,15,2200,680,5000,740,Mr. Trash
358,August,2019,43679,3.82,15,2800,980,4800,360,Mr. Trash
359,August,2019,43685,2.66,15,4200,1400,7800,240,Mr. Trash
360,August,2019,43701,4.25,15,800,360,1800,100,Mr. Trash
361,August,2019,43701,2.96,15,1400,720,2200,180,Mr. Trash
362,August,2019,43701,4,15,1800,980,3600,88,Mr. Trash
363,August,2019,43701,3.17,15,2210,950,5000,120,Mr. Trash
364,October,2019,43756,3.07,15,980,800,2200,840,Mr. Trash
365,October,2019,43756,2.41,15,2800,2020,6500,660,Mr. Trash
366,October,2019,43756,3.21,15,1900,1200,6600,800,Mr. Trash
367,October,2019,43763,3.25,15,2780,2100,7200,940,Mr. Trash
368,October,2019,43766,3.43,15,2440,2000,5300,350,Mr. Trash
369,October,2019,43766,3.28,15,3400,1880,7800,480,Mr. Trash
370,October,2019,43766,2.66,15,920,1240,4800,240,Mr. Trash
371,October,2019,43768,2.98,15,1260,1480,3600,320,Mr. Trash
372,November,2019,43771,3.05,15,1980,1550,4900,180,Mr. Trash
373,November,2019,43771,2.23,15,1000,1200,6400,560,Mr. Trash
374,November,2019,43773,3.2,15,960,800,5500,340,Mr. Trash
375,November,2019,43773,3.2,15,640,720,3400,210,Mr. Trash
376,November,2019,43794,3.58,15,860,980,4000,180,Mr. Trash
377,November,2019,43794,3.88,15,590,500,1200,88,Mr. Trash
378,November,2019,43794,2.25,15,1800,1680,2800,100,Mr. Trash
379,December,2019,43805,2.72,15,3600,3200,7000,420,Mr. Trash
380,December,2019,43819,2.78,15,2300,2400,8400,360,Mr. Trash
381,January,2020,43848,2.75,15,3900,2100,12500,750,Mr. Trash
382,January,2020,43848,1.8,15,2900,1800,10400,850,Mr. Trash
383,January,2020,20,2.9,15,1850,1100,9800,550,Mr. Trash
384,January,2020,43857,2.54,15,3400,2400,12000,1040,Mr. Trash
385,January,2020,43857,2.18,15,980,900,6500,720,Mr. Trash
386,January,2020,43857,3.24,15,750,640,5400,440,Mr. Trash
387,January,2020,43857,3.07,15,500,440,4200,500,Mr. Trash
388,January,2020,43860,2.8,15,3200,2400,9600,980,Mr. Trash
389,January,2020,43860,2.8,15,3800,2700,9400,660,Mr. Trash
390,February,2020,43871,1.9,15,1850,980,8000,880,Mr. Trash
391,March,2020,43892,2.34,15,2800,2000,7200,420,Mr. Trash
392,March,2020,43914,2.15,15,980,900,5600,500,Mr. Trash
393,March,2020,43920,3.86,15,3200,2700,11000,840,Mr. Trash
394,April,2020,43932,3.98,15,2800,2100,5900,1050,Mr. Trash
395,April,2020,43935,4.62,15,2640,1880,6800,860,Mr. Trash
396,April,2020,43935,3.36,15,1200,840,2000,460,Mr. Trash
397,April,2020,43935,2.91,15,510,490,1800,140,Mr. Trash
398,April,2020,43936,3.5,15,660,360,1700,100,Mr. Trash
399,April,2020,43936,3.13,15,480,290,1100,80,Mr. Trash
400,April,2020,43944,3.06,15,2900,2200,5500,400,Mr. Trash
401,April,2020,43946,3.17,15,2300,1200,4200,480,Mr. Trash
402,May,2020,43953,4.22,15,1980,1480,4900,600,Mr. Trash
403,May,2020,43953,3.68,15,1040,880,5200,550,Mr. Trash
404,May,2020,43953,4,15,900,600,3400,380,Mr. Trash
405,June,2020,43988,3.98,15,3400,2400,4000,280,Mr. Trash
406,June,2020,43988,2.55,15,1800,850,4200,440,Mr. Trash
407,June,2020,44001,0.78,15,3000,2700,5800,300,Mr. Trash
408,June,2020,44004,3.04,15,2800,1400,6000,560,Mr. Trash
409,June,2020,44004,3,15,950,750,3400,240,Mr. Trash
410,June,2020,44006,3.79,15,3800,2100,4300,450,Mr. Trash
411,June,2020,44006,3.84,15,800,880,2100,140,Mr. Trash
412,June,2020,44006,3.96,15,760,980,1800,80,Mr. Trash
413,June,2020,44006,3.29,15,540,320,1400,100,Mr. Trash
414,June,2020,44006,3.35,15,340,290,2100,74,Mr. Trash
415,June,2020,44007,3.44,15,600,340,1200,120,Mr. Trash
416,June,2020,44007,3.78,15,480,340,1300,200,Mr. Trash
417,July,2020,44014,2.93,15,2100,1200,5100,680,Mr. Trash
418,July,2020,44020,3.34,15,1840,1440,4200,500,Mr. Trash
419,July,2020,44025,2.14,15,1100,980,3200,400,Mr. Trash
420,July,2020,44036,3.1,15,2650,1300,4900,690,Mr. Trash
421,July,2020,44036,3.05,15,1900,990,3750,500,Mr. Trash
422,July,2020,44039,3.11,15,900,660,3050,350,Mr. Trash
423,July,2020,44039,3.32,15,1880,950,3900,380,Mr. Trash
424,August,2020,44046,2.92,15,1240,880,3100,300,Mr. Trash
425,August,2020,44054,2.98,15,3000,2250,5000,800,Mr. Trash
426,August,2020,44054,1.89,15,2300,900,4750,660,Mr. Trash
427,August,2020,44061,2.7,15,1400,840,3200,350,Mr. Trash
428,August,2020,44069,1.41,15,2050,1250,4400,280,Mr. Trash
429,September,2020,44078,3.52,15,3250,1500,4000,820,Mr. Trash
430,September,2020,44078,3.39,15,2100,1420,3200,680,Mr. Trash
431,September,2020,44086,2.36,15,2450,1640,4500,500,Mr. Trash
432,October,2020,44105,3.19,15,4050,2500,6400,480,Mr. Trash
433,October,2020,44134,3.02,15,3800,2200,5200,750,Mr. Trash
434,October,2020,44134,2.98,15,3000,1850,3000,680,Mr. Trash
435,October,2020,44135,3.39,15,2200,1200,3200,300,Mr. Trash
436,November,2020,44148,4.29,15,3500,2500,4900,480,Mr. Trash
437,November,2020,44148,3.62,15,1800,1000,3300,280,Mr. Trash
438,November,2020,44148,2.45,15,1250,900,2200,300,Mr. Trash
439,December,2020,44166,2.92,15,2200,980,5600,500,Mr. Trash
440,December,2020,44166,3.07,15,1640,800,4100,280,Mr. Trash
441,December,2020,44166,2.42,15,1080,750,3800,360,Mr. Trash
442,December,2020,44168,3.11,15,1790,1040,4900,480,Mr. Trash
443,December,2020,44168,2.92,15,2080,1100,5200,280,Mr. Trash
444,December,2020,44174,1.94,15,1600,880,3800,360,Mr. Trash
445,December,2020,44183,3.02,15,2200,1080,4050,400,Mr. Trash
446,December,2020,44191,2.79,15,2000,980,3600,280,Mr. Trash
447,December,2020,44191,2.01,15,1200,780,3200,500,Mr. Trash
448,December,2020,44191,3.35,15,980,600,2800,280,Mr. Trash
449,December,2020,44191,3.34,15,800,640,2700,380,Mr. Trash
450,December,2020,44191,3.08,15,1200,720,4200,270,Mr. Trash
451,December,2020,44195,2.73,15,1800,780,4200,270,Mr. Trash
452,December,2020,44195,2.12,15,1440,600,3600,420,Mr. Trash
453,January ,2021,44200,2.81,15,1600,840,3400,320,Mr. Trash
454,February,2021,44244,2.43,15,2400,1100,4400,980,Mr. Trash
455,March,2021,44258,2.69,15,1900,860,3800,1000,Mr. Trash
456,March,2021,44278,1.83,15,2100,900,4200,680,Mr. Trash
457,March,2021,44280,3.14,15,1200,500,3300,580,Mr. Trash
458,March,2021,44280,2.72,15,720,280,2800,320,Mr. Trash
459,March,2021,44280,3.34,15,800,240,2700,180,Mr. Trash
460,March,2021,44282,3.64,15,2200,750,3000,540,Mr. Trash
461,March,2021,44282,2.95,15,1600,880,4200,480,Mr. Trash
462,March,2021,44282,2.34,15,1000,280,2400,400,Mr. Trash
463,March,2021,44286,2.55,15,3000,720,3600,720,Mr. Trash
464,April,2021,44299,3.5,15,2700,1400,4400,810,Mr. Trash
465,May,2021,44322,5.03,15,2300,840,5000,640,Mr. Trash
466,May,2021,44322,3.9,15,1900,560,3900,590,Mr. Trash
467,May,2021,44344,3.66,15,5800,600,5400,700,Mr. Trash
468,May,2021,44344,3.69,15,1800,440,3400,540,Mr. Trash
469,June,2021,44348,3.77,15,2200,480,4000,400,Mr. Trash
470,June,2021,44348,4.27,15,3400,360,5400,720,Mr. Trash
471,June,2021,44351,3.03,15,4400,480,4800,720,Mr. Trash
472,June,2021,44358,3.83,15,3400,660,6000,560,Mr. Trash
473,June,2021,44358,3.3,15,2500,360,4400,320,Mr. Trash
474,June,2021,44358,3.9,15,1600,290,2800,300,Mr. Trash
475,June,2021,44359,2.78,15,1200,250,2700,320,Mr. Trash
476,June,2021,44359,2.67,15,1040,200,2700,480,Mr. Trash
477,June,2021,44362,3.58,15,4400,640,5000,600,Mr. Trash
478,July,2021,44379,4.5,15,4800,720,6200,810,Mr. Trash
479,July,2021,44379,3.91,15,1800,180,2900,300,Mr. Trash
480,July,2021,44391,1.32,15,3600,640,4800,440,Mr. Trash
481,August,2021,44411,2.31,15,3000,340,4800,320,Mr. Trash
482,August,2021,44420,3.66,15,4200,540,5400,680,Mr. Trash
483,August,2021,44420,2.07,15,1400,120,2400,180,Mr. Trash
484,August,2021,44424,3.8,15,2800,340,3400,290,Mr. Trash
485,August,2021,44424,3.97,15,1800,140,2400,200,Mr. Trash
486,August,2021,44428,5.2,15,3400,660,4200,480,Mr. Trash
487,September ,2021,44440,2,15,2600,420,5200,220,Mr. Trash
488,September,2021,44441,1.66,15,3300,510,4900,340,Mr. Trash
489,September,2021,44441,2.18,15,4100,680,5400,280,Mr. Trash
490,September,2021,44442,4.01,15,1800,350,3800,180,Mr. Trash
491,September,2021,44454,2.9,15,3500,480,4900,200,Mr. Trash
492,September,2021,44463,4.12,15,2900,500,3300,340,Mr. Trash
493,September,2021,44463,4,15,850,100,1800,100,Mr. Trash
494,September,2021,44463,2.92,15,680,180,2000,75,Mr. Trash
495,October,2021,44495,3.38,15,3100,380,4500,180,Mr. Trash
496,October,2021,44495,3.81,15,1750,400,4800,220,Mr. Trash
497,October,2021,44495,2.61,15,980,120,2800,140,Mr. Trash
498,November,2021,44501,3.02,15,2800,400,5500,240,Mr. Trash
499,November,2021,44501,2.54,15,1200,320,3000,150,Mr. Trash
500,November,2021,44501,3.09,15,840,240,1400,80,Mr. Trash
501,November,2021,44501,3.73,15,1040,250,2200,100,Mr. Trash
502,November,2021,44501,3.89,15,500,75,1500,110,Mr. Trash
503,November,2021,44502,3.9,15,800,100,1800,75,Mr. Trash
504,November,2021,44502,3.72,15,640,140,2000,100,Mr. Trash
505,November,2021,44502,2.66,15,900,150,1000,50,Mr. Trash
506,November,2021,44503,3.55,15,660,95,2800,100,Mr. Trash
507,November,2021,44503,2.8,15,750,150,1400,190,Mr. Trash
508,November,2021,44513,3.22,15,3800,450,4800,175,Mr. Trash
509,December,2021,44537,1.9,15,2900,290,4200,200,Mr. Trash
510,December,2021,44561,1.83,15,1800,320,3900,180,Mr. Trash
511,January,2022,44566,2.2,15,2700,220,5100,200,Mr. Trash
512,January,2022,44579,2.99,15,4200,520,4000,480,Mr. Trash
513,January,2022,44579,3.12,15,3000,325,3300,190,Mr. Trash
514,January,2022,44580,2.86,15,1200,80,2200,140,Mr. Trash
515,January,2022,44580,2.72,15,600,70,1000,24,Mr. Trash
517,March,2022,44631,2.15,15,4400,210,5200,140,Mr. Trash
516,February,2022,44613,2.71,15,3100,220,4400,110,Mr. Trash
518,March,2022,44645,4.66,15,2800,140,3300,80,Mr. Trash
519,March,2022,44645,2.35,15,1100,100,3000,100,Mr. Trash
520,April,2022,44653,2.75,15,3400,240,4800,81,Mr. Trash
521,April,2022,44658,2.59,15,2800,200,5000,120,Mr. Trash
522,April,2022,44658,3.7,15,800,64,1200,50,Mr. Trash
523,April,2022,44658,2.61,15,1800,110,2300,120,Mr. Trash
524,April ,2022,44659,3.97,15,540,50,900,64,Mr. Trash
525,April,2022,44680,4.51,15,3300,300,4200,140,Mr. Trash
526,May,2022,44692,2.83,15,2800,220,3600,180,Mr. Trash
527,May,2022,44692,4.14,15,900,48,1200,80,Mr. Trash
528,May ,2022,44698,3.21,15,2100,110,5000,140,Mr. Trash
529,May,2022,44705,3.83,15,3200,200,6200,120,Mr. Trash
530,May,2022,44712,3.97,15,1440,75,3600,80,Mr. Trash
531,May,2022,44712,4.02,15,800,50,1800,64,Mr. Trash
532,May,2022,44712,3.76,15,540,110,1100,50,Mr. Trash
533,June,2022,44713,3.18,15,2900,420,3800,240,Mr. Trash
534,June,2022,44722,4.02,15,2000,340,2900,320,Mr. Trash
535,June,2022,44722,3.36,15,960,120,1500,96,Mr. Trash
536,June,2022,44723,1.64,10,3200,290,4200,380,Mr. Trash
537,June,2022,44723,3.76,15,1250,100,2100,200,Mr. Trash
538,June,2022,44741,1.97,15,2900,360,3200,400,Mr. Trash
539,June,2022,44741,3.96,15,2100,240,4800,360,Mr. Trash
540,July,2022,44747,3.77,15,3600,320,5000,330,Mr. Trash
541,July,2022,44747,3.25,15,1400,120,3600,280,Mr. Trash
542,July,2022,44757,2.75,15,3900,200,4200,210,Mr. Trash
543,July,2022,44760,2.7,15,3000,240,4400,270,Mr. Trash
544,July,2022,44760,3.39,15,1800,96,2800,120,Mr. Trash
545,July,2022,44763,2.82,15,2700,180,3800,200,Mr. Trash
546,July,2022,44769,2.03,15,2400,120,4400,360,Mr. Trash
547,July,2022,44771,1.69,13,2900,210,4900,290,Mr. Trash
548,August,2022,44782,2.84,15,1400,280,3500,140,Mr. Trash
549,August,2022,44792,2.25,15,3900,340,5500,200,Mr. Trash
550,September,2022,44813,3.09,15,4200,390,4800,180,Mr. Trash
551,September,2022,44817,3.67,15,2800,120,4200,150,Mr. Trash
552,September,2022,44818,3.64,15,1900,200,6300,80,Mr. Trash
553,September,2022,44818,3.78,15,960,75,2900,100,Mr. Trash
554,September,2022,44818,3.69,15,640,50,1800,140,Mr. Trash
555,September,2022,44819,3.88,15,750,84,2200,72,Mr. Trash
556,September,2022,44819,4.18,15,500,48,1800,84,Mr. Trash
557,October,2022,44841,2.73,14,3500,280,4900,210,Mr. Trash
558,October,2022,44841,4.39,15,2900,320,5500,180,Mr. Trash
559,November,2022,44875,2.03,15,2100,100,4900,150,Mr. Trash
560,November,2022,44879,3.12,15,3200,280,5400,200,Mr. Trash
561,November,2022,44887,2.27,15,1800,150,2900,160,Mr. Trash
562,December,2022,44904,2.54,15,1500,84,3900,190,Mr. Trash
563,December,2022,44912,3.27,15,2100,120,4200,220,Mr. Trash
564,December,2022,44912,2.79,15,1000,48,2100,64,Mr. Trash
565,December,2022,44916,3.15,15,2900,320,4800,180,Mr. Trash
566,December,2022,44923,3.02,15,1600,100,3600,200,Mr. Trash
567,December,2022,44924,3.36,15,2100,120,1800,110,Mr. Trash
568,January,2023,44953,3.23,15,1700,210,2900,180,Mr. Trash
569,February,2023,44977,3.03,15,2400,300,3300,210,Mr. Trash
570,February,2023,44977,3.53,15,3600,280,4200,240,Mr. Trash
571,March,2023,44991,3.14,15,2700,180,3200,270,Mr. Trash
572,March,2023,45014,3.41,15,2900,200,3000,200,Mr. Trash
573,April,2023,45033,4.78,15,1800,90,2400,170,Mr. Trash
574,April,2023,45033,5.31,15,2200,210,3800,280,Mr. Trash
575,April,2023,45036,2.97,15,3000,280,4000,320,Mr. Trash
576,April,2023,45040,3.66,15,2100,200,3300,260,Mr. Trash
577,April,2023,45040,4.87,15,1000,64,1900,120,Mr. Trash
578,April,2023,45040,5.31,15,2700,190,3600,340,Mr. Trash
579,May,2023,45050,3.66,15,2200,420,4100,290,Mr. Trash
580,May,2023,45050,2.62,15,3100,380,2900,220,Mr. Trash
581,June,2023,45105,3.56,15,3400,480,4400,310,Mr. Trash
582,June,2023,45105,3.79,15,4000,390,4200,400,Mr. Trash
583,June,2023,45105,2.28,10,2100,300,3300,240,Mr. Trash
584,June,2023,45106,3.9,15,1900,220,4700,180,Mr. Trash
585,July,2023,45110,4.08,15,2300,310,3900,220,Mr. Trash
586,July,2023,45112,4.36,15,3200,270,5200,320,Mr. Trash
587,July,2023,45112,4.23,15,1200,180,2500,190,Mr. Trash
588,July,2023,45117,3.71,15,3400,400,4500,280,Mr. Trash
589,July,2023,45117,3.58,15,2100,200,3200,250,Mr. Trash
590,July,2023,45117,3.79,15,980,80,1400,150,Mr. Trash
591,July,2023,45117,3.88,15,540,48,980,120,Mr. Trash
592,July ,2023,45117,3.81,15,1100,100,2100,48,Mr. Trash
593,July,2023,45118,3.82,15,750,50,1200,110,Mr. Trash
594,July,2023,45131,1.89,10,1800,160,3200,220,Mr. Trash
595,July,2023,45131,3.58,15,2300,390,5000,360,Mr. Trash
596,July,2023,45138,3.67,15,3400,480,5800,440,Mr. Trash
597,July,2023,45138,2.91,15,2700,300,4200,220,Mr. Trash
598,August,2023,45146,4.44,15,3000,440,5400,330,Mr. Trash
599,August,2023,45147,3.41,15,3800,350,6000,120,Mr. Trash
600,August,2023,45148,3.83,15,4200,480,4800,270,Mr. Trash
601,August,2023,45148,2.67,15,1800,90,3800,420,Mr. Trash
602,August,2023,45152,2.15,10,2000,290,4300,400,Mr. Trash
603,August,2023,45155,3.08,15,3300,400,5500,310,Mr. Trash
604,September,2023,45180,2.77,15,4200,500,4200,540,Mr. Trash
605,September,2023,45180,3.55,15,1200,210,3100,200,Mr. Trash
606,September,2023,45181,3.51,15,2200,340,4400,140,Mr. Trash
607,september,2023,45181,3.32,15,850,150,1800,180,Mr. Trash
608,September,2023,45181,3.1,15,980,80,2100,80,Mr. Trash
609,September,2023,45182,3.97,15,300,50,1500,120,Mr. Trash
610,September,2023,45182,2.86,15,450,120,900,100,Mr. Trash
611,September,2023,45182,3.53,15,80,20,500,40,Mr. Trash
612,September,2023,45188,2.39,10,1800,240,3600,280,Mr. Trash
613,September,2023,45188,3.26,15,2200,380,4800,410,Mr. Trash
614,September,2023,45195,3.55,15,3400,360,4200,300,Mr. Trash
1,January,2017,42737,1.79,15,1950,6080,19700,3100,Professor
2,January,2017,42765,1.58,15,9540,11230,17600,5630,Professor
3,February,2017,42792,2.32,18,8350,9210,12000,6430,Professor
4,February,2017,42792,3.72,15,8590,1030,13000,5870,Professor
5,February,2017,42794,1.45,15,7830,9950,16000,7450,Professor
6,March,2017,42824,1.71,15,8210,10340,14000,9560,Professor
7,April,2017,42826,1.82,15,9830,11020,17000,11500,Professor
8,April,2017,42845,2.37,15,9240,8760,15000,9970,Professor
9,May,2017,42865,2.64,15,9540,8810,17000,12340,Professor
10,May,2017,42881,2.78,15,8230,7800,13000,13450,Professor
11,June,2017,42906,2.34,15,7540,8260,14000,10320,Professor
12,July,2017,42933,1.63,15,8490,8230,16000,8870,Professor
13,July,2017,42933,2.37,15,9610,9480,19000,13400,Professor
14,July,2017,42944,1.69,15,7960,7650,12000,9540,Professor
15,August,2017,42951,2.93,15,8870,8530,21000,11600,Professor
16,August,2017,42978,1.21,15,7420,7280,15000,9710,Professor
17,September,2017,42985,1.47,15,8250,7860,14000,8940,Professor
18,November,2017,43056,0.75,8,8472,11528,33320,656,Professor
19,January,2018,43115,0.99,15,7530,9240,22400,940,Professor
20,February,2018,43136,1.58,15,2340,3780,24000,1870,Professor
21,February,2018,43152,1.23,15,2210,3560,21000,1750,Professor
22,March,2018,43189,2.32,15,2670,3750,26000,1890,Professor
23,April,2018,43203,1.73,6,657,1699,8380,631,Professor
24,April,2018,43206,1.78,12,2290,2630,19000,1520,Professor
25,April,2018,43210,1.98,15,2110,2560,18000,1760,Professor
26,April,2018,43216,1.37,12,7340,9870,25000,980,Professor
27,May,2018,43251,1.85,15,9230,8950,28000,850,Professor
28,June,2018,43254,2.84,15,1020,9230,25000,1120,Professor
29,June,2018,43260,1.3,15,900,8560,28000,750,Professor
30,June,2018,43272,1.81,15,1140,9900,21000,890,Professor
31,July,2018,43284,1.66,15,1350,8560,18000,950,Professor
32,July,2018,43299,2.12,15,1200,7810,27000,790,Professor
33,July,2018,43304,1.23,15,1090,8230,25000,910,Professor
34,July,2018,43309,1.8,15,920,7340,23000,890,Professor
35,August,2018,43326,2.46,15,3150,4330,18000,1120,Professor
36,September,2018,43344,1.58,15,6970,2450,14000,1300,Professor
37,September,2018,43359,0.97,15,9100,4500,9000,750,Professor
38,October,2018,43388,1.57,15,8400,4400,11000,1240,Professor
39,November,2018,43408,2.41,15,6500,5500,8000,3600,Professor
40,November,2018,43423,3.18,15,4400,4900,7400,4300,Professor
41,November,2018,43434,2.28,15,3600,6050,11000,1800,Professor
42,November,2018,43463,1.77,15,4000,7800,13000,5000,Professor
43,February,2019,43508,1.88,15,3700,5500,9000,1800,Professor
44,March,2019,43531,0.73,8,4057,2398,11078,1337,Professor
45,March,2019,43547,1.37,15,8800,7800,14000,2300,Professor
46,April,2019,43568,2.59,15,6800,6000,8000,2800,Professor
47,April,2019,43573,1.89,15,5900,6400,7500,1600,Professor
48,April,2019,43585,2.58,15,7500,5300,10000,1050,Professor
49,May,2019,43598,2.01,15,8000,8400,12400,1400,Professor
50,June,2019,43628,1.91,15,4400,3800,9800,980,Professor
51,June,2019,43633,1.1,15,6600,5800,8700,1400,Professor
52,July,2019,43655,3.33,15,3800,2100,7400,980,Professor
53,August,2019,43679,2.54,15,4800,2200,9600,1000,Professor
54,August,2019,43701,2.52,15,4400,1480,8600,660,Professor
55,October,2019,43756,2.02,15,5200,4200,8100,540,Professor
56,November,2019,43792,1.81,15,6400,4000,7800,940,Professor
57,December,2019,43805,1.76,15,5900,4800,8800,660,Professor
58,January,2020,43846,0.94,15,4800,3800,9000,980,Professor
59,February,2020,43871,1.71,15,5600,3000,12000,1040,Professor
60,March,2020,43920,1.81,15,7200,3400,9800,800,Professor
61,April,2020,43935,2.72,15,4400,3960,6000,1200,Professor
62,May,2020,43959,1.61,15,5400,4100,7200,1000,Professor
63,June,2020,43988,2.43,15,4800,3200,6300,780,Professor
64,June,2020,44001,2.29,15,6700,3600,8200,720,Professor
65,July ,2020,44014,1.97,15,6000,4000,7000,670,Professor
66,July,2020,44036,1.52,15,6800,2950,6400,980,Professor
67,August,2020,44046,0.61,12,5950,3600,8000,1050,Professor
68,September,2020,44088,1.18,15,7200,4200,8800,1200,Professor
69,October,2020,44134,1.82,15,6400,4200,7200,2200,Professor
70,December,2020,44166,2.79,15,5300,3100,9900,1480,Professor
71,January,2021,44200,1.68,15,4900,3000,10500,980,Professor
72,February,2021,44244,1.21,15,4400,1200,7200,1420,Professor
73,March,2021,44282,2.48,15,5000,1800,6800,840,Professor
74,May,2021,44320,2.49,15,4900,1000,8000,1800,Professor
75,May,2021,44324,2.57,15,4800,1200,7600,1480,Professor
76,May,2021,44344,1.96,15,5800,960,8400,1900,Professor
77,June,2021,44358,2.91,15,3600,800,6000,1500,Professor
78,July,2021,44379,2.33,15,4200,1100,6400,1480,Professor
79,July,2021,44391,2.58,15,5000,980,9200,1000,Professor
80,August,2021,44411,3.34,15,5400,960,6200,1200,Professor
81,August,2021,44426,3.18,15,6400,1000,8400,980,Professor
82,August,2021,44428,1.99,15,4000,880,6400,1400,Professor
83,September,2021,44440,3.18,15,4300,1100,5400,2100,Professor
84,September,2021,44463,1.99,15,5100,900,6000,880,Professor
85,November,2021,44503,1.5,15,3900,750,7200,960,Professor
86,January,2022,44566,1.32,15,2700,300,5300,340,Professor
87,February,2022,44613,0.93,10,3000,420,4200,280,Professor
88,March,2022,44645,2.01,15,4100,380,6400,380,Professor
89,April,2022,44658,2.61,15,3900,280,6900,290,Professor
90,May,2022,44686,3.46,15,4400,500,7200,380,Professor
91,June,2022,44722,2.76,15,4900,420,5600,440,Professor
92,June,2022,44733,2.41,10,3600,300,6000,270,Professor
93,July,2022,44747,2.43,15,4500,400,5400,320,Professor
94,July,2022,44760,2.98,15,5000,320,6400,270,Professor
95,August,2022,44792,2.5,15,5400,480,6200,210,Professor
96,September,2022,44813,1.97,10,3400,270,4200,180,Professor
97,September,2022,44819,3.49,15,4800,240,5000,220,Professor
98,October,2022,44841,1.32,15,3800,180,4800,140,Professor
99,November,2022,44887,1.61,15,2900,290,3800,340,Professor
100,December,2022,44912,1.98,15,3200,220,4400,280,Professor
101,December,2022,44924,2.13,15,4200,300,5400,300,Professor
102,February,2023,44972,2.41,15,2900,240,3900,320,Professor
103,April,2023,45026,2.05,15,,,,,Professor
104,April,2023,45036,2.58,15,3400,400,4900,380,Professor
105,June,2023,45093,1.85,15,4100,510,4200,290,Professor
106,June,2023,45106,2.25,15,3900,390,5500,480,Professor
107,July,2023,45112,3.42,15,4900,640,6500,390,Professor
108,July,2023,45138,2.62,15,3400,420,5800,240,Professor
109,August,2023,45147,2.64,15,5100,640,6200,500,Professor
110,August,2023,45161,2.82,15,4200,330,5400,320,Professor
111,September,2023,45175,1.71,10,2900,350,4200,250,Professor
112,September,2023,45195,2.43,15,3800,400,4900,300,Professor
1,June,2018,43281,0.96,10,1150,940,8200,1420,Captain
2,July,2018,43300,1.47,10,2320,1380,7400,1810,Captain
3,July,2018,43304,3.19,10,3450,1160,9600,2220,Captain
4,August,2018,43320,1.11,10,1490,840,5100,1130,Captain
5,October,2018,43388,1.44,10,920,940,6400,2100,Captain
6,December,2018,43448,0.66,8,1010,650,3500,920,Captain
7,March,2019,43531,0.98,8,680,940,2100,1200,Captain
8,April,2019,43579,1.8,10,1800,750,4200,1650,Captain
9,May,2019,43616,2.17,10,2700,1050,4700,1900,Captain
10,August,2019,43685,1.21,9,950,680,2800,1450,Captain
11,November,2019,43773,1.23,10,103,3100,1800,4200,Captain
12,January,2020,43860,0.82,8,1850,950,3300,1480,Captain
13,April,2020,43944,0.84,10,1200,1100,2100,2050,Captain
14,June,2020,43994,1.18,10,1050,750,1800,1500,Captain
15,August,2020,44046,0.68,8,1860,940,3100,1040,Captain
16,August,2020,44061,1.08,10,1180,780,4800,2020,Captain
17,November,2020,44148,1.19,10,1050,580,3700,1100,Captain
18,January,2021,44200,1.2,10,1420,840,4200,1400,Captain
19,April,2021,44301,1.22,10,1800,740,2400,1500,Captain
20,June,2021,44362,1.61,10,1500,340,3600,1250,Captain
21,July,2021,44398,1.12,10,1200,300,3200,1000,Captain
22,September,2021,44441,1,10,860,280,2400,980,Captain
23,October,2021,44497,1.01,10,640,320,2900,850,Captain
24,March,2022,44645,1.2,10,1400,200,3200,1300,Captain
25,June,2022,44734,1.09,10,980,240,2800,1100,Captain
26,October,2022,44846,1.05,10,2100,320,3900,880,Captain
27,February,2023,44971,0.63,10,1100,210,2900,220,Captain
28,April,2023,45041,1.78,10,2400,340,3000,180,Captain
29,July,2023,45133,1.45,10,1500,290,3400,140,Captain
30,October,2023,45203,0.98,10,2200,390,3900,240,Captain
1,July,2021,44380,0.93,15,1200,360,3400,1800,Gwynnda
2,July,2021,44384,2.26,15,2000,240,3900,2200,Gwynnda
3,July,2021,44384,1.62,15,1800,270,2900,2400,Gwynnda
4,July,2021,44393,1.76,15,1000,180,2100,1800,Gwynnda
5,July,2021,44407,1.53,15,2100,240,4000,2700,Gwynnda
6,August,2021,44419,2.06,15,2400,360,3900,3000,Gwynnda
7,August,2021,44422,1.9,15,2700,320,4200,3200,Gwynnda
8,August,2021,44424,2.16,15,3000,320,4000,3600,Gwynnda
9,August,2021,44424,2.6,15,980,180,1800,1000,Gwynnda
10,August,2021,44425,3.21,15,240,42,400,360,Gwynnda
11,August,2021,44425,2.44,15,840,100,1200,1500,Gwynnda
12,August,2021,44426,2.62,15,1800,240,3600,3000,Gwynnda
13,August,2021,44427,2.92,15,1000,320,3200,2400,Gwynnda
14,August,2021,44427,2.93,15,500,98,1200,1000,Gwynnda
15,August,2021,44428,3.31,15,12,4,400,320,Gwynnda
16,August,2021,44432,2.7,15,2400,270,3800,3200,Gwynnda
17,August,2021,44433,2.1,15,1000,160,2700,2200,Gwynnda
18,September,2021,44441,2.6,15,1800,240,2100,1200,Gwynnda
19,September,2021,44445,3.28,15,300,100,980,180,Gwynnda
20,September,2021,44449,2.89,15,2100,240,2700,1400,Gwynnda
21,September,2021,44457,2.49,15,2400,300,3200,900,Gwynnda
21,September,2021,44468,2.36,15,1200,210,2000,1200,Gwynnda
22,October,2021,44475,1.84,15,1800,270,2900,1000,Gwynnda
23,October,2021,44496,3.09,15,2100,360,3200,1400,Gwynnda
24,October,2021,44496,3.54,15,280,100,480,200,Gwynnda
25,October,2021,44496,2.25,15,480,42,1000,360,Gwynnda
26,October,2021,44498,3.38,15,150,50,800,100,Gwynnda
27,October,2021,44499,3.2,15,1400,240,2000,980,Gwynnda
28,November,2021,44501,3.71,15,980,100,1500,200,Gwynnda
29,November,2021,44501,4.06,15,40,12,200,40,Gwynnda
30,November,2021,44501,3.21,15,640,150,1200,480,Gwynnda
31,November,2021,44502,3.26,15,800,200,980,240,Gwynnda
32,November,2021,44502,3.95,15,1000,240,1800,400,Gwynnda
33,November,2021,44502,2.79,15,810,180,900,360,Gwynnda
34,November,2021,44502,3.02,15,500,80,1000,240,Gwynnda
35,November,2021,44503,2.97,15,1800,120,1800,300,Gwynnda
36,November,2021,44503,3,15,840,90,1500,180,Gwynnda
37,November,2021,44503,3.23,15,500,50,1200,100,Gwynnda
38,November,2021,44503,3.36,15,1500,200,2000,360,Gwynnda
39,November,2021,44504,3.57,15,480,40,980,240,Gwynnda
40,November,2021,44504,3.27,15,1000,120,1800,360,Gwynnda
41,November,2021,44504,3.43,15,1200,200,2000,480,Gwynnda
42,November,2021,44504,3.91,15,450,100,1200,320,Gwynnda
43,November,2021,44505,3.76,15,280,60,1000,240,Gwynnda
44,November,2021,44505,4.13,15,150,50,980,180,Gwynnda
45,November,2021,44505,4.08,15,0,0,0,0,Gwynnda
46,November,2021,44505,4.02,15,0,0,0,0,Gwynnda
47,November,2021,44513,3.63,15,2100,240,3200,2100,Gwynnda
48,November,2021,44523,2.59,15,1800,200,5000,2400,Gwynnda
49,December,2022,44532,1.51,15,1400,100,4200,1000,Gwynnda
50,December,2022,44545,1.68,15,980,180,3000,980,Gwynnda
51,January,2022,44566,2.78,15,3000,280,3600,1200,Gwynnda
52,January,2022,44578,2.53,15,2400,240,4800,2000,Gwynnda
53,January,2022,44579,2.53,15,1100,200,2800,1600,Gwynnda
54,January,2022,44579,3.08,15,340,80,800,300,Gwynnda
55,January,2022,44581,2.75,15,1200,400,3200,2400,Gwynnda
56,March,2022,44629,0.77,5,600,80,1000,640,Gwynnda
57,March,2022,44630,2.76,15,2300,300,4200,1800,Gwynnda
58,March,2022,44630,2.46,15,1200,190,2700,1000,Gwynnda
59,March,2022,44646,2.8,15,3000,240,4900,1600,Gwynnda
60,April ,2022,44658,2.82,15,4200,500,6400,2100,Gwynnda
61,April ,2022,44658,1.99,15,1800,190,3200,980,Gwynnda
62,April ,2022,44659,2.78,15,980,220,2200,1250,Gwynnda
63,April ,2022,44659,2.83,15,2100,140,3600,1200,Gwynnda
64,April ,2022,44667,2.26,15,3200,200,5200,2200,Gwynnda
65,April ,2022,44667,2.13,15,1050,100,2000,900,Gwynnda
66,April ,2022,44680,2.19,15,2700,300,4900,2000,Gwynnda
67,May,2022,44688,2.12,15,980,140,3500,1050,Gwynnda
68,May,2022,44691,3.93,15,1400,120,4200,1850,Gwynnda
69,May,2022,44691,3.59,15,800,220,1900,1000,Gwynnda
70,May,2022,44692,3.27,15,640,75,900,500,Gwynnda
71,May,2022,44693,3.22,15,240,40,500,200,Gwynnda
72,May ,2022,44700,3.39,15,2100,380,3600,1300,Gwynnda
73,May,2022,44707,2.67,15,2800,250,4900,2000,Gwynnda
74,June,2022,44713,3.68,15,1600,360,3200,980,Gwynnda
75,June,2022,44713,2.95,15,1200,98,2100,420,Gwynnda
76,June,2022,44722,3,15,2200,190,3200,1200,Gwynnda
77,June,2022,44722,2.34,15,980,75,1000,560,Gwynnda
78,June,2022,44723,3.23,15,540,100,900,440,Gwynnda
79,June,2022,44723,3.07,15,320,48,980,360,Gwynnda
80,June,2022,44723,3.74,15,270,50,480,200,Gwynnda
81,June ,2022,44725,3.39,15,1200,210,1400,360,Gwynnda
82,June,2022,44725,3.49,15,360,40,800,240,Gwynnda
83,June,2022,44725,3.4,15,120,24,480,180,Gwynnda
84,June,2022,44725,3.69,15,480,36,880,200,Gwynnda
85,June,2022,44726,3.55,15,0,0,0,0,Gwynnda
86,June,2022,44741,1,10,2400,200,2700,250,Gwynnda
87,July,2022,44747,3.23,15,3200,400,4900,1600,Gwynnda
88,July,2022,44747,3.08,15,2500,350,3700,1400,Gwynnda
89,July,2022,44748,3.07,15,1800,100,2200,720,Gwynnda
90,july,2022,44748,3.58,15,250,60,1000,240,Gwynnda
91,July,2022,44749,3.5,15,240,50,750,300,Gwynnda
92,July,2022,44749,3.09,15,640,48,1200,420,Gwynnda
93,July,2022,44749,3.56,15,180,36,500,240,Gwynnda
94,July,2022,44750,3.16,15,540,84,480,100,Gwynnda
95,July,2022,44750,4.18,15,0,0,0,0,Gwynnda
96,July,2022,44750,3.11,15,0,0,0,0,Gwynnda
97,July,2022,44757,2.83,15,2800,360,3200,1400,Gwynnda
98,July,2022,44760,2.82,15,1600,220,4000,900,Gwynnda
99,july,2022,44760,3.32,15,980,90,1200,640,Gwynnda
100,July,2022,44761,3.4,15,480,50,980,400,Gwynnda
101,July,2022,44761,3.68,15,720,48,1100,360,Gwynnda
102,July,2022,44761,3.5,15,0,0,0,0,Gwynnda
103,July,2022,44761,3.51,15,360,40,480,200,Gwynnda
104,July,2022,44763,3.29,15,2100,250,3600,950,Gwynnda
105,July,2022,44768,2.58,15,2900,320,4000,1500,Gwynnda
106,August,2022,44779,2.62,15,2100,400,3600,1600,Gwynnda
107,August,2022,44782,3.37,15,1800,160,2800,1000,Gwynnda
108,September,2022,44805,1.93,15,2900,240,3000,1100,Gwynnda
109,September,2022,44812,2.66,15,3200,290,3500,1400,Gwynnda
110,September,2022,44812,3.01,15,1800,160,2800,940,Gwynnda
111,September,2022,44814,3.78,15,1600,100,2100,1200,Gwynnda
112,September,2022,44818,3.4,15,2800,190,3400,1000,Gwynnda
113,September,2022,44819,3.19,15,1200,96,2000,920,Gwynnda
114,September,2022,44831,3.35,15,2100,240,2500,1200,Gwynnda
115,October,2022,44840,2.86,15,2500,180,3200,980,Gwynnda
116,October,2022,44851,2.87,15,1800,210,3900,1400,Gwynnda
117,November,2022,44868,3.06,15,1600,240,2900,200,Gwynnda
118,November,2022,44880,3,15,2100,180,3300,140,Gwynnda
119,November,2022,44884,2.42,15,1200,72,2000,100,Gwynnda
120,November,2022,44887,2.37,15,980,50,1500,80,Gwynnda
121,November,2022,44895,2.91,15,2500,240,2900,160,Gwynnda
122,December,2022,44908,2.35,14,1900,120,3300,210,Gwynnda
123,December,2022,44912,2.8,15,2100,240,4200,250,Gwynnda
124,December,2022,44912,2.69,15,1200,100,2900,150,Gwynnda
125,December,2022,44914,2.27,15,900,50,1600,80,Gwynnda
126,December,2022,44914,2.5,15,800,48,1200,50,Gwynnda
127,December,2022,44915,2.72,15,480,64,1000,64,Gwynnda
128,December,2022,44915,2.74,15,720,80,1800,48,Gwynnda
129,December,2022,44918,3.08,15,1600,180,3000,120,Gwynnda
130,December,2022,44925,3.16,15,2400,160,3400,200,Gwynnda
131,December,2022,44925,3.04,15,800,72,2000,80,Gwynnda
132,December,2022,44925,3.09,15,500,48,800,50,Gwynnda
133,December,2022,44925,3.15,15,640,50,1200,36,Gwynnda
134,January,2023,44929,2.48,15,900,120,2000,80,Gwynnda
135,January,2023,44945,3.2,15,1400,220,1800,75,Gwynnda
136,January,2023,44956,3.08,15,2100,180,2400,100,Gwynnda
137,February,2023,44978,2.47,15,1900,210,2700,150,Gwynnda
138,February,2023,44978,2.69,15,960,150,2100,90,Gwynnda
139,March,2023,44988,2.41,15,2400,210,2900,140,Gwynnda
140,March,2023,44999,2.91,15,1800,100,3000,80,Gwynnda
141,April ,2023,45022,2.35,15,2700,240,3200,200,Gwynnda
142,April ,2023,45034,3.25,15,1500,120,2400,120,Gwynnda
143,April ,2023,45041,3.4,15,930,80,1800,64,Gwynnda
144,April ,2023,45044,2.81,15,2100,200,2700,180,Gwynnda
145,May,2023,45047,2.85,15,3000,240,3300,270,Gwynnda
146,May,2023,45047,3.22,15,1600,110,2100,140,Gwynnda
147,May,2023,45050,3.44,15,1200,5,1800,75,Gwynnda
148,June,2023,45085,1.93,15,4100,320,3900,220,Gwynnda
149,June,2023,45105,2.68,15,5400,500,4400,310,Gwynnda
150,June,2023,45106,2.74,15,4400,330,4000,270,Gwynnda
151,June,2023,45106,3.12,15,5000,420,5200,360,Gwynnda
152,June,2023,45106,3.12,15,3400,300,3600,240,Gwynnda
153,June,2023,45106,3.45,15,4900,540,4800,410,Gwynnda
154,June ,2023,45107,2.88,15,2500,210,3200,300,Gwynnda
155,July,2023,45110,3.62,15,2700,320,2700,380,Gwynnda
156,July,2023,45110,3.22,15,1300,240,4100,440,Gwynnda
157,July,2023,45110,2.96,15,800,140,1000,110,Gwynnda
158,July,2023,45110,3.09,15,440,60,980,180,Gwynnda
159,July,2023,45113,3.52,15,2100,280,2400,390,Gwynnda
160,July,2023,45118,3.61,15,3200,410,3800,380,Gwynnda
161,July,2023,45118,3.16,15,1100,240,2700,200,Gwynnda
162,July,2023,45119,3.24,15,800,110,1800,80,Gwynnda
163,July,2023,45120,2.9,15,540,100,1200,140,Gwynnda
164,July,2023,45129,3.19,15,4100,540,5200,380,Gwynnda
165,August,2023,45140,2.7,15,3300,280,4600,290,Gwynnda
166,August,2023,45140,2.99,15,1500,210,3200,190,Gwynnda
167,August,2023,45140,2.32,15,850,140,1800,120,Gwynnda
168,August,2023,45140,2.79,15,440,60,940,50,Gwynnda
169,August,2023,45146,2.6,15,2800,390,5200,220,Gwynnda
170,August,2023,45147,2.5,15,1200,340,3600,210,Gwynnda
171,August,2023,45147,2.28,15,1400,210,2900,180,Gwynnda
172,August,2023,45147,2.78,15,880,75,1400,90,Gwynnda
173,August,2023,45147,2.79,15,750,90,980,25,Gwynnda
174,August,2023,45148,2.22,15,1800,320,4200,190,Gwynnda
175,August,2023,45148,2.93,15,400,50,1000,75,Gwynnda
176,August,2023,45148,2.48,15,10,0,200,2,Gwynnda
177,August,2023,45162,2.17,15,1400,210,2600,120,Gwynnda
178,August,2023,45162,0.93,10,600,100,1200,100,Gwynnda
179,September,2023,45183,3.1,15,2500,410,3900,240,Gwynnda
180,September,2023,45188,2.44,15,1100,210,2200,180,Gwynnda
181,September,2023,45188,3.8,15,2300,390,3800,200,Gwynnda
182,September,2023,45190,3.67,15,1000,190,2000,110,Gwynnda
183,September,2023,45190,2.84,15,1300,210,3100,150,Gwynnda
184,September,2023,45190,3.59,15,500,60,1800,90,Gwynnda
185,September,2023,45190,3.15,15,700,100,1200,50,Gwynnda
186,September,2023,45191,3.52,15,20,14,150,10,Gwynnda
187,September,2023,45191,2.98,15,0,0,0,0,Gwynnda
188,September,2023,45194,3.5,15,1800,240,2900,240,Gwynnda
189,September,2023,45194,3.34,15,680,90,1800,80,Gwynnda